pais;provincia;población;latitud;longitud;iso2;iso3;capital;population;id;city_ascii
Colombia;Amazonas;Leticia;-4.2167;-69.9333;CO;COL;admin;33503;1170548641;Leticia
Colombia;Amazonas;Puerto Nariño;-3.7733;-70.3819;CO;COL;minor;9744;1170109460;Puerto Narino
Colombia;Antioquia;Abejorral;5.7894;-75.4281;CO;COL;minor;20287;1170508965;Abejorral
Colombia;Antioquia;Amagá;6.05;-75.7;CO;COL;minor;30376;1170092259;Amaga
Colombia;Antioquia;Amalfi;6.9167;-75.0833;CO;COL;minor;22714;1170542286;Amalfi
Colombia;Antioquia;Andes;5.5833;-75.9167;CO;COL;minor;43269;1170727383;Andes
Colombia;Antioquia;Angelópolis;6.1333;-75.7;CO;COL;minor;8946;1170231958;Angelopolis
Colombia;Antioquia;Angostura;6.8667;-75.3333;CO;COL;minor;10500;1170569077;Angostura
Colombia;Antioquia;Anorí;7.0736;-75.1458;CO;COL;minor;16447;1170571922;Anori
Colombia;Antioquia;Apartadó;7.8833;-76.6333;CO;COL;minor;121003;1170483593;Apartado
Colombia;Antioquia;Arboletes;8.8517;-76.4283;CO;COL;minor;44560;1170052299;Arboletes
Colombia;Antioquia;Argelia;5.7425;-75.1464;CO;COL;minor;8911;1170927955;Argelia
Colombia;Antioquia;Barbosa;6.439;-75.333;CO;COL;minor;53167;1170859178;Barbosa
Colombia;Antioquia;Bello;6.3333;-75.5667;CO;COL;minor;561955;1170423489;Bello
Colombia;Antioquia;Betania;5.75;-75.9667;CO;COL;minor;9286;1170782709;Betania
Colombia;Antioquia;Betulia;6.1122;-75.9839;CO;COL;minor;17317;1170946542;Betulia
Colombia;Antioquia;Briceño;7.1111;-75.55;CO;COL;minor;8673;1170830473;Briceno
Colombia;Antioquia;Cáceres;7.6667;-75.3333;CO;COL;minor;42112;1170859204;Caceres
Colombia;Antioquia;Caldas;6.09;-75.638;CO;COL;minor;85385;1170279867;Caldas
Colombia;Antioquia;Campamento;6.9789;-75.2964;CO;COL;minor;9091;1170487323;Campamento
Colombia;Antioquia;Cañasgordas;6.7497;-76.0258;CO;COL;minor;13595;1170135054;Canasgordas
Colombia;Antioquia;Carepa;7.7578;-76.6553;CO;COL;minor;47932;1170091679;Carepa
Colombia;Antioquia;Carmen de Viboral;6.0833;-75.3333;CO;COL;minor;62581;1170768757;Carmen de Viboral
Colombia;Antioquia;Caucasia;7.9833;-75.2;CO;COL;minor;90213;1170351945;Caucasia
Colombia;Antioquia;Chigorodó;7.6675;-76.6808;CO;COL;minor;84183;1170787746;Chigorodo
Colombia;Antioquia;Cisneros;6.5383;-75.0886;CO;COL;minor;11555;1170710325;Cisneros
Colombia;Antioquia;Ciudad Bolívar;5.85;-76.0333;CO;COL;minor;27458;1170990931;Ciudad Bolivar
Colombia;Antioquia;Cocorná;6.0569;-75.1853;CO;COL;minor;14743;1170897315;Cocorna
Colombia;Antioquia;Concordia;6.049;-75.909;CO;COL;minor;20271;1170368496;Concordia
Colombia;Antioquia;Copacabana;6.3333;-75.5;CO;COL;minor;73574;1170002661;Copacabana
Colombia;Antioquia;Dabeiba;7;-76.25;CO;COL;minor;22954;1170194523;Dabeiba
Colombia;Antioquia;Donmatías;6.4833;-75.4333;CO;COL;minor;24201;1170287770;Donmatias
Colombia;Antioquia;Ebéjico;6.3333;-75.7667;CO;COL;minor;12158;1170232093;Ebejico
Colombia;Antioquia;El Bagre;7.5942;-74.8119;CO;COL;minor;51862;1170419984;El Bagre
Colombia;Antioquia;Entrerríos;6.5667;-75.5167;CO;COL;minor;8820;1170412234;Entrerrios
Colombia;Antioquia;Envigado;6.1667;-75.5667;CO;COL;minor;228848;1170785909;Envigado
Colombia;Antioquia;Fredonia;5.9167;-75.6667;CO;COL;minor;20997;1170731658;Fredonia
Colombia;Antioquia;Frontino;6.7833;-76.1333;CO;COL;minor;20156;1170729668;Frontino
Colombia;Antioquia;Girardota;6.3764;-75.4473;CO;COL;minor;51662;1170812272;Girardota
Colombia;Antioquia;Granada;6.147;-75.188;CO;COL;minor;10117;1170246805;Granada
Colombia;Antioquia;Guarne;6.28;-75.4427;CO;COL;minor;51265;1170977229;Guarne
Colombia;Antioquia;Guatapé;6.2333;-75.1667;CO;COL;minor;9121;1170993383;Guatape
Colombia;Antioquia;Itagüí;6.1667;-75.6167;CO;COL;minor;276744;1170708072;Itagui
Colombia;Antioquia;Ituango;7.1717;-75.7642;CO;COL;minor;23784;1170490299;Ituango
Colombia;Antioquia;Jardín;5.5986;-75.8194;CO;COL;minor;13748;1170860427;Jardin
Colombia;Antioquia;Jericó;5.7833;-75.7833;CO;COL;minor;12103;1170373171;Jerico
Colombia;Antioquia;La Ceja;6.0306;-75.4317;CO;COL;minor;64889;1170869906;La Ceja
Colombia;Antioquia;La Estrella;6.1667;-75.6667;CO;COL;minor;71545;1170386533;La Estrella
Colombia;Antioquia;La Unión;5.9736;-75.3614;CO;COL;minor;19119;1170723102;La Union
Colombia;Antioquia;Marinilla;6.1738;-75.3347;CO;COL;minor;64645;1170499821;Marinilla
Colombia;Antioquia;Medellín;6.2308;-75.5906;CO;COL;admin;2529403;1170680389;Medellin
Colombia;Antioquia;Mutatá;7.2442;-76.4358;CO;COL;minor;22505;1170918759;Mutata
Colombia;Antioquia;Nariño;5.6092;-75.1764;CO;COL;minor;8603;1170449720;Narino
Colombia;Antioquia;Nechí;8.1;-74.7833;CO;COL;minor;25790;1170181619;Nechi
Colombia;Antioquia;Necoclí;8.4167;-76.7833;CO;COL;minor;69090;1170745269;Necocli
Colombia;Antioquia;Pueblorrico;5.8;-75.85;CO;COL;minor;8664;1170979938;Pueblorrico
Colombia;Antioquia;Puerto Berrío;6.49;-74.4025;CO;COL;minor;39314;1170372171;Puerto Berrio
Colombia;Antioquia;Puerto Nare;6.1917;-74.5867;CO;COL;minor;12161;1170388042;Puerto Nare
Colombia;Antioquia;Puerto Triunfo;5.8667;-74.65;CO;COL;minor;21745;1170980494;Puerto Triunfo
Colombia;Antioquia;Remedios;7.0275;-74.6939;CO;COL;minor;32057;1170639594;Remedios
Colombia;Antioquia;Retiro;6.0572;-75.5025;CO;COL;minor;16974;1170702192;Retiro
Colombia;Antioquia;Rionegro;6.1535;-75.3743;CO;COL;minor;135465;1170000361;Rionegro
Colombia;Antioquia;Sabanalarga;6.85;-75.8167;CO;COL;minor;100049;1170819531;Sabanalarga
Colombia;Antioquia;Sabaneta;6.15;-75.6;CO;COL;minor;82375;1170000611;Sabaneta
Colombia;Antioquia;Salgar;5.9617;-75.9753;CO;COL;minor;17804;1170000086;Salgar
Colombia;Antioquia;San Carlos;6.1897;-74.9969;CO;COL;minor;14480;1170540736;San Carlos
Colombia;Antioquia;San Jerónimo;6.4417;-75.7278;CO;COL;minor;15361;1170182912;San Jeronimo
Colombia;Antioquia;San Juan de Urabá;8.7667;-76.5333;CO;COL;minor;27149;1170070547;San Juan de Uraba
Colombia;Antioquia;San Pedro de Urabá;8.2833;-76.3833;CO;COL;minor;32328;1170185600;San Pedro de Uraba
Colombia;Antioquia;San Rafael;6.2975;-75.0314;CO;COL;minor;12578;1170732033;San Rafael
Colombia;Antioquia;San Roque;6.4853;-75.0197;CO;COL;minor;16789;1170674966;San Roque
Colombia;Antioquia;San Vicente;6.2819;-75.3322;CO;COL;minor;18051;1170160969;San Vicente
Colombia;Antioquia;Santa Bárbara;5.8747;-75.5661;CO;COL;minor;21413;1170129538;Santa Barbara
Colombia;Antioquia;Santa Fe de Antioquia;6.55;-75.8167;CO;COL;minor;22613;1170034183;Santa Fe de Antioquia
Colombia;Antioquia;Santa Rosa de Osos;6.65;-75.4667;CO;COL;minor;37435;1170188464;Santa Rosa de Osos
Colombia;Antioquia;Santo Domingo;6.4708;-75.1658;CO;COL;minor;10759;1170000493;Santo Domingo
Colombia;Antioquia;Santuario;6.1375;-75.2639;CO;COL;minor;35422;1170679272;Santuario
Colombia;Antioquia;Segovia;7.0781;-74.7017;CO;COL;minor;41000;1170027654;Segovia
Colombia;Antioquia;Sonsón;5.7097;-75.3108;CO;COL;minor;36445;1170000118;Sonson
Colombia;Antioquia;Sopetrán;6.5017;-75.7433;CO;COL;minor;14453;1170000615;Sopetran
Colombia;Antioquia;Támesis;5.6667;-75.7167;CO;COL;minor;15218;1170438434;Tamesis
Colombia;Antioquia;Tarazá;7.5881;-75.4028;CO;COL;minor;39257;1170830485;Taraza
Colombia;Antioquia;Titiribí;6.0667;-75.8;CO;COL;minor;14092;1170013003;Titiribi
Colombia;Antioquia;Turbo;8.1;-76.7333;CO;COL;minor;181000;1170426476;Turbo
Colombia;Antioquia;Urrao;6.3156;-76.1342;CO;COL;minor;47128;1170571210;Urrao
Colombia;Antioquia;Valdivia;7.289;-75.398;CO;COL;minor;24538;1170000617;Valdivia
Colombia;Antioquia;Valdivia;7.2938;-75.3919;CO;COL;;11511;1170877215;Valdivia
Colombia;Antioquia;Vegachí;6.7731;-74.7994;CO;COL;minor;9966;1170785667;Vegachi
Colombia;Antioquia;Venecia;5.9167;-75.75;CO;COL;minor;10280;1170112749;Venecia
Colombia;Antioquia;Yalí;6.6767;-74.8411;CO;COL;minor;8577;1170977762;Yali
Colombia;Antioquia;Yarumal;7;-75.5;CO;COL;minor;41542;1170371045;Yarumal
Colombia;Antioquia;Yarumal;7.0306;-75.5905;CO;COL;;35315;1170196021;Yarumal
Colombia;Antioquia;Yolombó;6.5978;-75.0122;CO;COL;minor;25647;1170796377;Yolombo
Colombia;Antioquia;Yondó;7;-73.9167;CO;COL;minor;17597;1170716454;Yondo
Colombia;Antioquia;Zaragoza;7.494;-74.871;CO;COL;minor;24067;1170606958;Zaragoza
Colombia;Arauca;Arauca;7.0903;-70.7617;CO;COL;admin;96814;1170322340;Arauca
Colombia;Arauca;Arauquita;7.0303;-71.4356;CO;COL;minor;41309;1170159021;Arauquita
Colombia;Arauca;Fortul;6.7922;-71.7756;CO;COL;minor;26798;1170737836;Fortul
Colombia;Arauca;Saravena;6.9556;-71.8722;CO;COL;minor;55554;1170587428;Saravena
Colombia;Arauca;Tame;6.4667;-71.7333;CO;COL;minor;53266;1170459811;Tame
Colombia;Atlántico;Baranoa;10.8;-74.9167;CO;COL;minor;51730;1170983977;Baranoa
Colombia;Atlántico;Barranquilla;10.9833;-74.8019;CO;COL;admin;1326588;1170179113;Barranquilla
Colombia;Atlántico;Campo de la Cruz;10.3778;-74.8814;CO;COL;minor;18354;1170737801;Campo de la Cruz
Colombia;Atlántico;Candelaria;10.4592;-74.8806;CO;COL;minor;11635;1170881306;Candelaria
Colombia;Atlántico;Galapa;10.8969;-74.886;CO;COL;minor;60708;1170611900;Galapa
Colombia;Atlántico;Juan de Acosta;10.8333;-75.0333;CO;COL;minor;14184;1170261449;Juan de Acosta
Colombia;Atlántico;Luruaco;10.6083;-75.1417;CO;COL;minor;22878;1170268775;Luruaco
Colombia;Atlántico;Malambo;10.85;-74.75;CO;COL;minor;139566;1170794204;Malambo
Colombia;Atlántico;Manatí;10.445;-74.9597;CO;COL;minor;13456;1170827497;Manati
Colombia;Atlántico;Palmar de Varela;10.75;-74.75;CO;COL;minor;27728;1170543827;Palmar de Varela
Colombia;Atlántico;Polonuevo;10.7833;-74.8667;CO;COL;minor;19454;1170997382;Polonuevo
Colombia;Atlántico;Ponedera;10.65;-74.75;CO;COL;minor;18430;1170527788;Ponedera
Colombia;Atlántico;Puerto Colombia;11.0167;-74.8833;CO;COL;minor;42803;1170869718;Puerto Colombia
Colombia;Atlántico;Repelón;10.55;-75.1333;CO;COL;minor;22196;1170326698;Repelon
Colombia;Atlántico;Sabanagrande;10.8;-74.75;CO;COL;minor;33437;1170578455;Sabanagrande
Colombia;Atlántico;Sabanalarga;10.63;-74.9236;CO;COL;minor;84410;1170724527;Sabanalarga
Colombia;Atlántico;Santa Lucía;10.3167;-74.95;CO;COL;minor;11584;1170763002;Santa Lucia
Colombia;Atlántico;Santo Tomás;10.7667;-74.9167;CO;COL;minor;32000;1170972056;Santo Tomas
Colombia;Atlántico;Soledad;10.9167;-74.75;CO;COL;minor;676014;1170765625;Soledad
Colombia;Atlántico;Suan;10.3333;-74.8833;CO;COL;minor;9344;1170318336;Suan
Colombia;Atlántico;Tubará;10.8667;-74.9833;CO;COL;minor;10602;1170951499;Tubara
Colombia;Atlántico;Usiacurí;10.75;-74.9833;CO;COL;minor;13573;1170893496;Usiacuri
Colombia;Bogotá;Bogotá;4.7111;-74.0722;CO;COL;primary;8034649;1170483426;Bogota
Colombia;Bogotá;Fontibón;4.6786;-74.1411;CO;COL;;317179;1170780941;Fontibon
Colombia;Bogotá;Usme;4.4464;-74.1522;CO;COL;;314431;1170556074;Usme
Colombia;Bolívar;Achí;8.5667;-74.55;CO;COL;minor;23051;1170684229;Achi
Colombia;Bolívar;Altos del Rosario;8.8;-74.1667;CO;COL;minor;13669;1170079040;Altos del Rosario
Colombia;Bolívar;Arjona;10.2586;-75.3461;CO;COL;minor;75615;1170602407;Arjona
Colombia;Bolívar;Arroyohondo;10.1333;-75.5667;CO;COL;minor;9907;1170311154;Arroyohondo
Colombia;Bolívar;Barranco de Loba;8.95;-74.1167;CO;COL;minor;14435;1170730052;Barranco de Loba
Colombia;Bolívar;Calamar;10.25;-74.9158;CO;COL;minor;24573;1170252193;Calamar
Colombia;Bolívar;Cartagena;10.4;-75.5;CO;COL;admin;914552;1170886102;Cartagena
Colombia;Bolívar;Cicuco;9.2667;-74.65;CO;COL;minor;13120;1170569018;Cicuco
Colombia;Bolívar;Clemencia;10.5833;-75.3333;CO;COL;minor;13821;1170519066;Clemencia
Colombia;Bolívar;Córdoba;9.5867;-74.8272;CO;COL;minor;12266;1170365164;Cordoba
Colombia;Bolívar;El Carmen de Bolívar;9.7167;-75.1333;CO;COL;minor;66001;1170394868;El Carmen de Bolivar
Colombia;Bolívar;Hatillo de Loba;8.9586;-74.0808;CO;COL;minor;12270;1170880028;Hatillo de Loba
Colombia;Bolívar;Magangué;9.25;-74.7667;CO;COL;minor;123906;1170903510;Magangue
Colombia;Bolívar;Mahates;10.2333;-75.1833;CO;COL;minor;26075;1170291893;Mahates
Colombia;Bolívar;Margarita;9.0833;-74.2;CO;COL;minor;9876;1170553154;Margarita
Colombia;Bolívar;María la Baja;10;-75.3333;CO;COL;minor;49462;1170699582;Maria la Baja
Colombia;Bolívar;Montecristo;8.2994;-74.4756;CO;COL;minor;21229;1170653032;Montecristo
Colombia;Bolívar;Morales;8.3133;-73.8719;CO;COL;minor;24811;1170533443;Morales
Colombia;Bolívar;Norosí;8.5261;-74.0378;CO;COL;minor;9850;1170174177;Norosi
Colombia;Bolívar;Pinillos;8.9167;-74.4667;CO;COL;minor;24923;1170148335;Pinillos
Colombia;Bolívar;Regidor;8.6667;-73.8333;CO;COL;minor;10489;1170335895;Regidor
Colombia;Bolívar;San Estanislao;10.4;-75.15;CO;COL;minor;16518;1170812235;San Estanislao
Colombia;Bolívar;San Fernando;9.2797;-74.5339;CO;COL;minor;9776;1170000616;San Fernando
Colombia;Bolívar;San Fernando;9.2683;-74.5302;CO;COL;;9776;1170368411;San Fernando
Colombia;Bolívar;San Jacinto;9.8311;-75.1219;CO;COL;minor;21644;1170354916;San Jacinto
Colombia;Bolívar;San Jacinto del Cauca;8.25;-74.7167;CO;COL;minor;13426;1170204575;San Jacinto del Cauca
Colombia;Bolívar;San Juan Nepomuceno;9.95;-75.0833;CO;COL;minor;34012;1170645816;San Juan Nepomuceno
Colombia;Bolívar;San Martín de Loba;8.8333;-73.9167;CO;COL;minor;14504;1170000618;San Martin de Loba
Colombia;Bolívar;San Pablo;7.4825;-73.925;CO;COL;minor;36341;1170480324;San Pablo
Colombia;Bolívar;Santa Catalina;10.6039;-75.2878;CO;COL;minor;14039;1170893444;Santa Catalina
Colombia;Bolívar;Santa Rosa;10.4456;-75.3686;CO;COL;minor;24694;1170627978;Santa Rosa
Colombia;Bolívar;Santa Rosa del Sur;7.9667;-74.05;CO;COL;minor;42003;1170579856;Santa Rosa del Sur
Colombia;Bolívar;Simití;7.9667;-73.95;CO;COL;minor;20271;1170040846;Simiti
Colombia;Bolívar;Talaigua Nuevo;9.3069;-74.5686;CO;COL;minor;11350;1170791252;Talaigua Nuevo
Colombia;Bolívar;Tiquisio;8.5667;-74.2667;CO;COL;minor;22041;1170823883;Tiquisio
Colombia;Bolívar;Turbaco;10.35;-75.3333;CO;COL;minor;115000;1170194197;Turbaco
Colombia;Bolívar;Turbaná;10.2833;-75.45;CO;COL;minor;72168;1170487782;Turbana
Colombia;Bolívar;Villanueva;10.4456;-75.2761;CO;COL;minor;20769;1170676204;Villanueva
Colombia;Bolívar;Zambrano;9.75;-74.8333;CO;COL;minor;11367;1170000087;Zambrano
Colombia;Boyacá;Aquitania;5.5833;-72.8333;CO;COL;minor;16087;1170697722;Aquitania
Colombia;Boyacá;Chiquinquirá;5.6333;-73.75;CO;COL;minor;85274;1170668478;Chiquinquira
Colombia;Boyacá;Chita;6.1667;-72.4167;CO;COL;minor;9542;1170485101;Chita
Colombia;Boyacá;Cómbita;5.75;-73.25;CO;COL;minor;14632;1170000033;Combita
Colombia;Boyacá;Duitama;5.8333;-73.0167;CO;COL;minor;132894;1170695532;Duitama
Colombia;Boyacá;Garagoa;5.0825;-73.3642;CO;COL;minor;16944;1170105749;Garagoa
Colombia;Boyacá;Guateque;5.0056;-73.4722;CO;COL;minor;9603;1170912824;Guateque
Colombia;Boyacá;Moniquirá;5.9167;-73.5;CO;COL;minor;20848;1170206857;Moniquira
Colombia;Boyacá;Muzo;5.5313;-74.1073;CO;COL;minor;8548;1170433861;Muzo
Colombia;Boyacá;Nobsa;5.7667;-72.95;CO;COL;minor;16271;1170848106;Nobsa
Colombia;Boyacá;Paipa;5.8333;-73.15;CO;COL;minor;31868;1170592144;Paipa
Colombia;Boyacá;Pesca;5.5833;-73.05;CO;COL;minor;9322;1170369834;Pesca
Colombia;Boyacá;Puerto Boyacá;6;-74.4167;CO;COL;minor;56930;1170291040;Puerto Boyaca
Colombia;Boyacá;Ramiriquí;5.4;-73.3333;CO;COL;minor;10015;1170346541;Ramiriqui
Colombia;Boyacá;Ráquira;5.5333;-73.6333;CO;COL;minor;13588;1170663878;Raquira
Colombia;Boyacá;Saboyá;5.7;-73.7667;CO;COL;minor;12372;1170473369;Saboya
Colombia;Boyacá;Samacá;5.5;-73.4833;CO;COL;minor;20767;1170064917;Samaca
Colombia;Boyacá;Santa Rosa de Viterbo;5.8833;-72.9833;CO;COL;minor;11329;1170798661;Santa Rosa de Viterbo
Colombia;Boyacá;Siachoque;5.5;-73.2333;CO;COL;minor;8964;1170608833;Siachoque
Colombia;Boyacá;Socotá;6.05;-72.6333;CO;COL;minor;9812;1170884046;Socota
Colombia;Boyacá;Sogamoso;5.7167;-72.9208;CO;COL;minor;116031;1170000109;Sogamoso
Colombia;Boyacá;Tibaná;5.3167;-73.4;CO;COL;minor;9186;1170436338;Tibana
Colombia;Boyacá;Tibasosa;5.8333;-72.9667;CO;COL;minor;14063;1170340482;Tibasosa
Colombia;Boyacá;Toca;5.5667;-73.2;CO;COL;minor;10157;1170029150;Toca
Colombia;Boyacá;Tunja;5.5333;-73.3667;CO;COL;admin;163894;1170843027;Tunja
Colombia;Boyacá;Tuta;5.7;-73.2333;CO;COL;minor;9673;1170818814;Tuta
Colombia;Boyacá;Úmbita;5.2167;-73.4667;CO;COL;minor;10314;1170372127;Umbita
Colombia;Boyacá;Ventaquemada;5.4167;-73.5;CO;COL;minor;15442;1170473736;Ventaquemada
Colombia;Boyacá;Villa de Leyva;5.6333;-73.5333;CO;COL;minor;21953;1170607364;Villa de Leyva
Colombia;Caldas;Aguadas;5.6167;-75.4667;CO;COL;minor;21237;1170536116;Aguadas
Colombia;Caldas;Anserma;5.2381;-75.784;CO;COL;minor;33674;1170000614;Anserma
Colombia;Caldas;Aranzazu;5.3;-75.45;CO;COL;minor;9854;1170469075;Aranzazu
Colombia;Caldas;Belalcázar;5;-75.8167;CO;COL;minor;9690;1170179028;Belalcazar
Colombia;Caldas;Chinchiná;4.9825;-75.6036;CO;COL;minor;50673;1170836479;Chinchina
Colombia;Caldas;Filadelfia;5.3;-75.6;CO;COL;minor;9630;1170090455;Filadelfia
Colombia;Caldas;La Dorada;5.4538;-74.6647;CO;COL;minor;72925;1170734727;La Dorada
Colombia;Caldas;Manizales;5.0675;-75.51;CO;COL;admin;454494;1170930654;Manizales
Colombia;Caldas;Manzanares;5.2519;-75.1569;CO;COL;minor;22623;1170983089;Manzanares
Colombia;Caldas;Marquetalia;5.3333;-75;CO;COL;minor;12146;1170955036;Marquetalia
Colombia;Caldas;Neira;5.1664;-75.5189;CO;COL;minor;31399;1170186315;Neira
Colombia;Caldas;Pácora;5.5258;-75.4589;CO;COL;minor;13214;1170478424;Pacora
Colombia;Caldas;Palestina;5.0833;-75.6667;CO;COL;minor;13560;1170065725;Palestina
Colombia;Caldas;Pensilvania;5.5;-75.0833;CO;COL;minor;26342;1170749751;Pensilvania
Colombia;Caldas;Riosucio;5.4208;-75.7025;CO;COL;minor;62296;1170642933;Riosucio
Colombia;Caldas;Risaralda;5.1667;-75.75;CO;COL;minor;9254;1170718416;Risaralda
Colombia;Caldas;Salamina;5.4083;-75.49;CO;COL;minor;18704;1170954127;Salamina
Colombia;Caldas;Samaná;5.5833;-74.9167;CO;COL;minor;25798;1170332815;Samana
Colombia;Caldas;Supía;5.4667;-75.65;CO;COL;minor;27489;1170656633;Supia
Colombia;Caldas;Villamaría;5;-75.5;CO;COL;minor;60729;1170294681;Villamaria
Colombia;Caldas;Viterbo;5.0667;-75.8833;CO;COL;minor;12432;1170417091;Viterbo
Colombia;Caquetá;Belén de los Andaquíes;1.4161;-75.8725;CO;COL;minor;11081;1170848387;Belen de los Andaquies
Colombia;Caquetá;Cartagena del Chairá;1.35;-74.8333;CO;COL;minor;35473;1170248005;Cartagena del Chaira
Colombia;Caquetá;El Doncello;1.6833;-75.2833;CO;COL;minor;22306;1170237364;El Doncello
Colombia;Caquetá;El Paujíl;1.5644;-75.3319;CO;COL;minor;21462;1170891728;El Paujil
Colombia;Caquetá;Florencia;1.6139;-75.6128;CO;COL;admin;191867;1170606634;Florencia
Colombia;Caquetá;La Montañita;1.5833;-75.25;CO;COL;minor;15725;1170812971;La Montanita
Colombia;Caquetá;Puerto Rico;1.9142;-75.145;CO;COL;minor;33765;1170209030;Puerto Rico
Colombia;Caquetá;San José del Fragua;1.3286;-75.9728;CO;COL;minor;11364;1170931653;San Jose del Fragua
Colombia;Caquetá;San Vicente del Caguán;2.1167;-74.7667;CO;COL;minor;72949;1170922792;San Vicente del Caguan
Colombia;Caquetá;Solano;0.6983;-75.2539;CO;COL;minor;25546;1170616766;Solano
Colombia;Caquetá;Solita;0.8667;-75.65;CO;COL;minor;9139;1170851278;Solita
Colombia;Casanare;Aguazul;5.1731;-72.5547;CO;COL;minor;43183;1170359050;Aguazul
Colombia;Casanare;Maní;4.8167;-72.2833;CO;COL;minor;13291;1170495978;Mani
Colombia;Casanare;Monterrey;4.8783;-72.8972;CO;COL;minor;14828;1170450558;Monterrey
Colombia;Casanare;Nunchía;5.6333;-72.2;CO;COL;minor;8928;1170389960;Nunchia
Colombia;Casanare;Orocué;4.7942;-71.34;CO;COL;minor;8460;1170535682;Orocue
Colombia;Casanare;Paz de Ariporo;5.8833;-71.9;CO;COL;minor;26237;1170610185;Paz de Ariporo
Colombia;Casanare;Tauramena;5.0167;-72.75;CO;COL;minor;27178;1170457009;Tauramena
Colombia;Casanare;Trinidad;5.4089;-71.6622;CO;COL;minor;11734;1170027404;Trinidad
Colombia;Casanare;Villanueva;4.6087;-72.9288;CO;COL;minor;24740;1170495463;Villanueva
Colombia;Casanare;Yopal;5.35;-72.41;CO;COL;admin;106822;1170295059;Yopal
Colombia;Cauca;Almaguer;1.9167;-76.8667;CO;COL;minor;21374;1170307475;Almaguer
Colombia;Cauca;Argelia;2.2431;-77.2786;CO;COL;minor;27670;1170028016;Argelia
Colombia;Cauca;Balboa;2.0436;-77.2197;CO;COL;minor;26384;1170412260;Balboa
Colombia;Cauca;Belalcázar;2.6547;-75.9928;CO;COL;minor;36628;1170676223;Belalcazar
Colombia;Cauca;Bolívar;1.9708;-76.9694;CO;COL;minor;44868;1170620269;Bolivar
Colombia;Cauca;Buenos Aires;2.9167;-76.6667;CO;COL;minor;35197;1170770289;Buenos Aires
Colombia;Cauca;Cajibío;2.6333;-76.6333;CO;COL;minor;38703;1170570874;Cajibio
Colombia;Cauca;Caldono;2.8;-76.5333;CO;COL;minor;34132;1170589443;Caldono
Colombia;Cauca;Caloto;3.0333;-76.4167;CO;COL;minor;25416;1170219131;Caloto
Colombia;Cauca;Coconuco;2.25;-76.4167;CO;COL;minor;14952;1170332695;Coconuco
Colombia;Cauca;Corinto;3.1739;-76.2594;CO;COL;minor;33489;1170948905;Corinto
Colombia;Cauca;El Bordo;2.1667;-77.0833;CO;COL;minor;37504;1170827287;El Bordo
Colombia;Cauca;El Tambo;2.4514;-76.8108;CO;COL;minor;48094;1170364248;El Tambo
Colombia;Cauca;Guapí;2.5703;-77.8856;CO;COL;minor;29797;1170811574;Guapi
Colombia;Cauca;Inzá;2.55;-76.0667;CO;COL;minor;32582;1170048803;Inza
Colombia;Cauca;Jambaló;2.85;-76.3167;CO;COL;minor;16353;1170689229;Jambalo
Colombia;Cauca;La Sierra;2.25;-76.8333;CO;COL;minor;9935;1170193592;La Sierra
Colombia;Cauca;La Vega;2.0008;-76.7778;CO;COL;minor;47417;1170000228;La Vega
Colombia;Cauca;Mercaderes;1.8;-77.1667;CO;COL;minor;14824;1170092647;Mercaderes
Colombia;Cauca;Miranda;3.25;-76.25;CO;COL;minor;42639;1170512860;Miranda
Colombia;Cauca;Morales;2.7603;-76.6339;CO;COL;minor;26707;1170455752;Morales
Colombia;Cauca;Padilla;3.2333;-76.3167;CO;COL;minor;9937;1170965732;Padilla
Colombia;Cauca;Paispamba;2.25;-76.5833;CO;COL;minor;11958;1170817361;Paispamba
Colombia;Cauca;Patía;2.1667;-77.0833;CO;COL;;37781;1170437187;Patia
Colombia;Cauca;Piamonte;1.1194;-76.3269;CO;COL;minor;9259;1170393388;Piamonte
Colombia;Cauca;Piendamó;2.6408;-76.5284;CO;COL;minor;36225;1170889555;Piendamo
Colombia;Cauca;Popayán;2.4542;-76.6092;CO;COL;admin;300837;1170764265;Popayan
Colombia;Cauca;Puerto Tejada;3.25;-76.4167;CO;COL;minor;46166;1170475909;Puerto Tejada
Colombia;Cauca;Rosas;2.2667;-76.75;CO;COL;minor;13302;1170048993;Rosas
Colombia;Cauca;San Sebastián;1.8439;-76.7717;CO;COL;minor;9806;1170001774;San Sebastian
Colombia;Cauca;Santander de Quilichao;3.0167;-76.4833;CO;COL;minor;180000;1170277699;Santander de Quilichao
Colombia;Cauca;Silvia;2.6167;-76.3833;CO;COL;minor;32692;1170405315;Silvia
Colombia;Cauca;Suárez;2.9589;-76.6953;CO;COL;minor;19690;1170553127;Suarez
Colombia;Cauca;Sucre;2.0383;-76.9253;CO;COL;minor;8880;1170700284;Sucre
Colombia;Cauca;Timbío;2.3445;-76.6839;CO;COL;minor;33883;1170815311;Timbio
Colombia;Cauca;Timbiquí;2.7719;-77.665;CO;COL;minor;22077;1170187722;Timbiqui
Colombia;Cauca;Toribío;2.9581;-76.2714;CO;COL;minor;26616;1170262354;Toribio
Colombia;Cauca;Totoró;2.5117;-76.4003;CO;COL;minor;17611;1170684203;Totoro
Colombia;Cauca;Villa Rica;2.5167;-76.85;CO;COL;;18761;1170377938;Villa Rica
Colombia;Cauca;Villa Rica;3.1736;-76.4631;CO;COL;minor;14378;1170820910;Villa Rica
Colombia;Cesar;Aguachica;8.3167;-73.6333;CO;COL;minor;109621;1170152591;Aguachica
Colombia;Cesar;Agustín Codazzi;10.0367;-73.2369;CO;COL;minor;49233;1170077466;Agustin Codazzi
Colombia;Cesar;Astrea;9.5;-73.9833;CO;COL;minor;18434;1170944258;Astrea
Colombia;Cesar;Becerril;9.7;-73.2833;CO;COL;minor;20477;1170989688;Becerril
Colombia;Cesar;Bosconia;9.9761;-73.8903;CO;COL;minor;40562;1170142290;Bosconia
Colombia;Cesar;Chimichagua;9.25;-73.8167;CO;COL;minor;30303;1170174620;Chimichagua
Colombia;Cesar;Chiriguaná;9.3667;-73.6;CO;COL;minor;27006;1170624254;Chiriguana
Colombia;Cesar;Curumaní;9.2;-73.55;CO;COL;minor;23018;1170847203;Curumani
Colombia;Cesar;El Copey;10.15;-73.9667;CO;COL;minor;28550;1170203188;El Copey
Colombia;Cesar;El Paso;9.6622;-73.7519;CO;COL;minor;23534;1170404892;El Paso
Colombia;Cesar;Gamarra;8.3333;-73.6667;CO;COL;minor;12444;1170567440;Gamarra
Colombia;Cesar;González;8.4;-73.3333;CO;COL;minor;8859;1170832293;Gonzalez
Colombia;Cesar;La Gloria;8.5833;-73.5833;CO;COL;minor;14989;1170957032;La Gloria
Colombia;Cesar;La Jagua de Ibirico;9.5667;-73.3333;CO;COL;minor;46722;1170526836;La Jagua de Ibirico
Colombia;Cesar;Pailitas;8.9667;-73.6333;CO;COL;minor;22083;1170355661;Pailitas
Colombia;Cesar;Pelaya;8.6833;-73.6667;CO;COL;minor;17910;1170015000;Pelaya
Colombia;Cesar;Pueblo Bello;10.4167;-73.5833;CO;COL;minor;27007;1170551166;Pueblo Bello
Colombia;Cesar;Río de Oro;8;-73.5;CO;COL;minor;14041;1170000449;Rio de Oro
Colombia;Cesar;San Alberto;7.7525;-73.3892;CO;COL;minor;26551;1170270470;San Alberto
Colombia;Cesar;San Diego;10.3375;-73.1825;CO;COL;minor;18531;1170032847;San Diego
Colombia;Cesar;San Martín;8.0472;-73.5153;CO;COL;minor;20452;1170564282;San Martin
Colombia;Cesar;Tamalameque;8.8333;-73.5833;CO;COL;minor;13862;1170626838;Tamalameque
Colombia;Cesar;Valledupar;10.4833;-73.25;CO;COL;admin;544134;1170481949;Valledupar
Colombia;Chocó;Acandí;8.5333;-77.2333;CO;COL;minor;12095;1170188476;Acandi
Colombia;Chocó;Bagadó;5.4167;-76.4167;CO;COL;minor;13174;1170462492;Bagado
Colombia;Chocó;Bellavista;6.5236;-76.9744;CO;COL;minor;9941;1170717666;Bellavista
Colombia;Chocó;Condoto;5.1;-76.65;CO;COL;minor;14660;1170624933;Condoto
Colombia;Chocó;El Carmen de Atrato;5.8878;-75.1642;CO;COL;minor;14049;1170000623;El Carmen de Atrato
Colombia;Chocó;Istmina;5.1667;-76.6833;CO;COL;minor;25981;1170211056;Istmina
Colombia;Chocó;Juradó;7.1114;-77.7714;CO;COL;minor;3239;1170520604;Jurado
Colombia;Chocó;Lloró;5.5;-76.5333;CO;COL;minor;11197;1170030184;Lloro
Colombia;Chocó;Mutis;6.2167;-77.4;CO;COL;minor;9400;1170271802;Mutis
Colombia;Chocó;Nuquí;5.7167;-77.2667;CO;COL;minor;8958;1170020146;Nuqui
Colombia;Chocó;Pie de Pató;5.5333;-77;CO;COL;minor;40733;1170030072;Pie de Pato
Colombia;Chocó;Pizarro;4.95;-77.3667;CO;COL;minor;18561;1170809490;Pizarro
Colombia;Chocó;Quibdó;5.6922;-76.6581;CO;COL;admin;130825;1170186734;Quibdo
Colombia;Chocó;Riosucio;7.4406;-77.1189;CO;COL;minor;57220;1170229854;Riosucio
Colombia;Chocó;Santa Genoveva de Docordó;4.2586;-77.3675;CO;COL;minor;11579;1170336944;Santa Genoveva de Docordo
Colombia;Chocó;Tadó;5.2667;-76.5667;CO;COL;minor;18906;1170279230;Tado
Colombia;Chocó;Unguía;8.05;-77.1;CO;COL;minor;12192;1170526283;Unguia
Colombia;Córdoba;Ayapel;8.3167;-75.15;CO;COL;minor;47247;1170146577;Ayapel
Colombia;Córdoba;Buenavista;8.6833;-75.25;CO;COL;minor;22711;1170230620;Buenavista
Colombia;Córdoba;Buenavista;8.6805;-75.2554;CO;COL;;18344;1170418186;Buenavista
Colombia;Córdoba;Canalete;8.79;-76.2411;CO;COL;minor;23520;1170068172;Canalete
Colombia;Córdoba;Cereté;8.8833;-75.8;CO;COL;minor;94935;1170926689;Cerete
Colombia;Córdoba;Chimá;9.15;-75.6333;CO;COL;minor;13492;1170217235;Chima
Colombia;Córdoba;Chinú;9.0833;-75.3333;CO;COL;minor;50313;1170780523;Chinu
Colombia;Córdoba;Ciénaga de Oro;8.8833;-75.6167;CO;COL;minor;64226;1170711004;Cienaga de Oro
Colombia;Córdoba;Cotorra;9.05;-75.8;CO;COL;minor;16215;1170561401;Cotorra
Colombia;Córdoba;La Apartada;8.1006;-75.3825;CO;COL;minor;15204;1170000626;La Apartada
Colombia;Córdoba;Lorica;9.2419;-75.816;CO;COL;minor;52771;1170094504;Lorica
Colombia;Córdoba;Los Córdobas;8.9;-76.3667;CO;COL;minor;26705;1170780435;Los Cordobas
Colombia;Córdoba;Momil;9.2333;-75.6833;CO;COL;minor;16264;1170726403;Momil
Colombia;Córdoba;Montelíbano;7.975;-75.4208;CO;COL;minor;90450;1170283887;Montelibano
Colombia;Córdoba;Montería;8.75;-75.8833;CO;COL;admin;400000;1170855299;Monteria
Colombia;Córdoba;Moñitos;9.2503;-76.1325;CO;COL;minor;29117;1170797471;Monitos
Colombia;Córdoba;Planeta Rica;8.4089;-75.5819;CO;COL;minor;69285;1170924519;Planeta Rica
Colombia;Córdoba;Pueblo Nuevo;8.5008;-75.5072;CO;COL;minor;41684;1170000348;Pueblo Nuevo
Colombia;Córdoba;Puerto Escondido;8.95;-76.25;CO;COL;minor;32745;1170484515;Puerto Escondido
Colombia;Córdoba;Puerto Libertador;7.9067;-75.6733;CO;COL;minor;53990;1170000625;Puerto Libertador
Colombia;Córdoba;Purísima de la Concepción;9.2333;-75.7333;CO;COL;minor;14705;1170780807;Purisima de la Concepcion
Colombia;Córdoba;Sahagún;8.95;-75.45;CO;COL;minor;90487;1170230630;Sahagun
Colombia;Córdoba;San Andrés de Sotavento;9.15;-75.5;CO;COL;minor;47282;1170392574;San Andres de Sotavento
Colombia;Córdoba;San Antero;9.3833;-75.75;CO;COL;minor;33662;1170032632;San Antero
Colombia;Córdoba;San Bernardo del Viento;9.35;-75.95;CO;COL;minor;34782;1170684147;San Bernardo del Viento
Colombia;Córdoba;San Carlos;8.8006;-75.7022;CO;COL;minor;28597;1170505254;San Carlos
Colombia;Córdoba;San Pelayo;8.9667;-75.85;CO;COL;minor;45396;1170248105;San Pelayo
Colombia;Córdoba;Tierralta;7.9167;-76.1667;CO;COL;minor;78770;1170909785;Tierralta
Colombia;Córdoba;Tuchín;9.1833;-75.55;CO;COL;minor;41345;1170331155;Tuchin
Colombia;Córdoba;Valencia;8.2;-76.2167;CO;COL;minor;46897;1170188761;Valencia
Colombia;Cundinamarca;Agua de Dios;4.3781;-74.6739;CO;COL;minor;13182;1170261758;Agua de Dios
Colombia;Cundinamarca;Anapoima;4.5503;-74.5361;CO;COL;minor;14519;1170450555;Anapoima
Colombia;Cundinamarca;Anolaima;4.7617;-74.464;CO;COL;minor;12911;1170457629;Anolaima
Colombia;Cundinamarca;Arbeláez;4.2725;-74.4151;CO;COL;minor;12292;1170472184;Arbelaez
Colombia;Cundinamarca;Bojacá;4.7336;-74.3422;CO;COL;minor;9256;1170070721;Bojaca
Colombia;Cundinamarca;Cachipay;4.7308;-74.4375;CO;COL;minor;9833;1170432909;Cachipay
Colombia;Cundinamarca;Cajicá;4.9167;-74.0333;CO;COL;minor;82244;1170852541;Cajica
Colombia;Cundinamarca;Caparrapí;5.3442;-74.4917;CO;COL;minor;10301;1170076731;Caparrapi
Colombia;Cundinamarca;Cáqueza;4.4053;-73.9478;CO;COL;minor;17048;1170175410;Caqueza
Colombia;Cundinamarca;Carmen de Carupa;5.3503;-73.9053;CO;COL;minor;9109;1170408211;Carmen de Carupa
Colombia;Cundinamarca;Chía;4.85;-74.05;CO;COL;minor;124309;1170046785;Chia
Colombia;Cundinamarca;Choachí;4.5297;-73.9236;CO;COL;minor;10729;1170262604;Choachi
Colombia;Cundinamarca;Chocontá;5.1467;-73.6825;CO;COL;minor;25257;1170690374;Choconta
Colombia;Cundinamarca;Cogua;5.0667;-73.9833;CO;COL;minor;24092;1170991139;Cogua
Colombia;Cundinamarca;Cota;4.8167;-74.1;CO;COL;minor;32691;1170708586;Cota
Colombia;Cundinamarca;El Colegio;4.5808;-74.4425;CO;COL;minor;22247;1170000628;El Colegio
Colombia;Cundinamarca;El Rosal;4.8519;-74.2628;CO;COL;minor;18958;1170518827;El Rosal
Colombia;Cundinamarca;Facatativá;4.8167;-74.3667;CO;COL;minor;145080;1170830205;Facatativa
Colombia;Cundinamarca;Fómeque;4.4847;-73.8936;CO;COL;minor;12214;1170945629;Fomeque
Colombia;Cundinamarca;Funza;4.7167;-74.2167;CO;COL;minor;90671;1170562658;Funza
Colombia;Cundinamarca;Fusagasugá;4.3452;-74.3618;CO;COL;minor;170241;1170322047;Fusagasuga
Colombia;Cundinamarca;Gachancipá;4.9908;-73.8731;CO;COL;minor;17026;1170853649;Gachancipa
Colombia;Cundinamarca;Gachetá;4.8176;-73.636;CO;COL;minor;11086;1170649939;Gacheta
Colombia;Cundinamarca;Girardot;4.305;-74.8017;CO;COL;minor;129834;1170838212;Girardot
Colombia;Cundinamarca;Granada;4.5186;-74.3514;CO;COL;minor;9253;1170616970;Granada
Colombia;Cundinamarca;Guachetá;5.3856;-73.6856;CO;COL;minor;11385;1170660676;Guacheta
Colombia;Cundinamarca;Guaduas;5.0694;-74.5981;CO;COL;minor;41142;1170513211;Guaduas
Colombia;Cundinamarca;Guasca;4.8658;-73.8772;CO;COL;minor;15727;1170022740;Guasca
Colombia;Cundinamarca;Junín;4.7903;-73.8136;CO;COL;minor;8720;1170184431;Junin
Colombia;Cundinamarca;La Calera;4.7531;-73.92;CO;COL;minor;28908;1170042987;La Calera
Colombia;Cundinamarca;La Mesa;4.6303;-74.4625;CO;COL;minor;33241;1170000629;La Mesa
Colombia;Cundinamarca;La Palma;5.3606;-74.3897;CO;COL;minor;11012;1170347214;La Palma
Colombia;Cundinamarca;La Vega;4.9992;-74.3411;CO;COL;minor;13085;1170671820;La Vega
Colombia;Cundinamarca;Lenguazaque;5.3069;-73.7061;CO;COL;minor;10268;1170060796;Lenguazaque
Colombia;Cundinamarca;Madrid;4.7344;-74.2683;CO;COL;minor;112254;1170693388;Madrid
Colombia;Cundinamarca;Medina;4.5092;-73.3494;CO;COL;minor;10205;1170855873;Medina
Colombia;Cundinamarca;Mosquera;4.7078;-74.2328;CO;COL;minor;128012;1170751552;Mosquera
Colombia;Cundinamarca;Nemocón;5.05;-73.8833;CO;COL;minor;13488;1170453041;Nemocon
Colombia;Cundinamarca;Pacho;5.1306;-74.1583;CO;COL;minor;27977;1170161563;Pacho
Colombia;Cundinamarca;Pasca;4.3075;-74.3008;CO;COL;minor;12175;1170537329;Pasca
Colombia;Cundinamarca;Puerto Salgar;5.5;-74.5833;CO;COL;minor;15019;1170945460;Puerto Salgar
Colombia;Cundinamarca;Ricaurte;4.2792;-74.7728;CO;COL;minor;12881;1170544866;Ricaurte
Colombia;Cundinamarca;San Antonio del Tequendama;4.6328;-74.3522;CO;COL;minor;13084;1170251762;San Antonio del Tequendama
Colombia;Cundinamarca;Sasaima;4.965;-74.4347;CO;COL;minor;9807;1170341139;Sasaima
Colombia;Cundinamarca;Sesquilé;5.0453;-73.7972;CO;COL;minor;13936;1170884868;Sesquile
Colombia;Cundinamarca;Sibaté;4.4908;-74.2594;CO;COL;minor;38412;1170223176;Sibate
Colombia;Cundinamarca;Silvania;4.4033;-74.3881;CO;COL;minor;22020;1170709496;Silvania
Colombia;Cundinamarca;Simijaca;5.5019;-73.8519;CO;COL;minor;13077;1170095690;Simijaca
Colombia;Cundinamarca;Soacha;4.5872;-74.2214;CO;COL;minor;522442;1170512000;Soacha
Colombia;Cundinamarca;Sopó;4.9167;-73.9333;CO;COL;minor;29120;1170179207;Sopo
Colombia;Cundinamarca;Subachoque;4.9281;-74.1736;CO;COL;minor;16117;1170356384;Subachoque
Colombia;Cundinamarca;Suesca;5.1;-73.8;CO;COL;minor;17318;1170580731;Suesca
Colombia;Cundinamarca;Susa;5.4528;-73.814;CO;COL;minor;12302;1170534475;Susa
Colombia;Cundinamarca;Tabio;4.9158;-74.0983;CO;COL;minor;29731;1170060372;Tabio
Colombia;Cundinamarca;Tausa;5.1964;-73.8875;CO;COL;minor;8801;1170046469;Tausa
Colombia;Cundinamarca;Tena;4.6547;-74.39;CO;COL;minor;8941;1170594078;Tena
Colombia;Cundinamarca;Tenjo;4.9167;-74.1667;CO;COL;minor;20269;1170657903;Tenjo
Colombia;Cundinamarca;Tocaima;4.5;-74.6667;CO;COL;minor;18790;1170682674;Tocaima
Colombia;Cundinamarca;Tocancipá;4.9657;-73.9136;CO;COL;minor;36439;1170000496;Tocancipa
Colombia;Cundinamarca;Ubalá;4.7439;-73.5347;CO;COL;minor;10718;1170000627;Ubala
Colombia;Cundinamarca;Une;4.4019;-74.025;CO;COL;minor;9196;1170857775;Une
Colombia;Cundinamarca;Villa de San Diego de Ubaté;5.3072;-73.8144;CO;COL;minor;39568;1170489797;Villa de San Diego de Ubate
Colombia;Cundinamarca;Villapinzón;5.2167;-73.6;CO;COL;minor;21049;1170598594;Villapinzon
Colombia;Cundinamarca;Villeta;5.0083;-74.4738;CO;COL;minor;43574;1170441862;Villeta
Colombia;Cundinamarca;Viotá;4.4381;-74.5239;CO;COL;minor;12589;1170693383;Viota
Colombia;Cundinamarca;Yacopí;5.4667;-74.3333;CO;COL;minor;10887;1170241710;Yacopi
Colombia;Cundinamarca;Zipaquirá;5.0333;-74;CO;COL;minor;196409;1170798590;Zipaquira
Colombia;Guainía;Inírida;3.8653;-67.9239;CO;COL;admin;20279;1170563591;Inirida
Colombia;Guaviare;Calamar;1.9206;-72.5542;CO;COL;minor;9091;1170732993;Calamar
Colombia;Guaviare;El Retorno;2.3306;-72.6278;CO;COL;minor;24562;1170783770;El Retorno
Colombia;Guaviare;San José del Guaviare;2.5667;-72.6333;CO;COL;admin;68878;1170839384;San Jose del Guaviare
Colombia;Huila;Acevedo;1.8192;-75.8964;CO;COL;minor;39877;1170946838;Acevedo
Colombia;Huila;Aipe;3.2167;-75.2333;CO;COL;minor;29177;1170334427;Aipe
Colombia;Huila;Algeciras;2.5333;-75.3167;CO;COL;minor;24708;1170438880;Algeciras
Colombia;Huila;Campoalegre;2.6867;-75.3256;CO;COL;minor;34923;1170655224;Campoalegre
Colombia;Huila;Garzón;2.1819;-75.6578;CO;COL;minor;69823;1170149755;Garzon
Colombia;Huila;Gigante;2.3867;-75.5461;CO;COL;minor;35498;1170264129;Gigante
Colombia;Huila;Guadalupe;2.025;-75.7572;CO;COL;minor;22867;1170375870;Guadalupe
Colombia;Huila;Íquira;2.65;-75.65;CO;COL;minor;9064;1170529442;Iquira
Colombia;Huila;Isnos;1.9333;-76.2333;CO;COL;minor;28530;1170081298;Isnos
Colombia;Huila;La Argentina;2.1961;-75.98;CO;COL;minor;12475;1170000037;La Argentina
Colombia;Huila;La Plata;2.39;-75.9075;CO;COL;minor;67220;1170531527;La Plata
Colombia;Huila;Neiva;2.9345;-75.2809;CO;COL;admin;380019;1170159963;Neiva
Colombia;Huila;Oporapa;2.05;-75.9667;CO;COL;minor;11111;1170571598;Oporapa
Colombia;Huila;Palermo;2.8917;-75.4375;CO;COL;minor;800000;1170614290;Palermo
Colombia;Huila;Palestina;1.75;-76.0667;CO;COL;minor;10454;1170209006;Palestina
Colombia;Huila;Pital;2.987;-75.826;CO;COL;minor;12246;1170707654;Pital
Colombia;Huila;Pitalito;1.8989;-76.0419;CO;COL;minor;133205;1170820158;Pitalito
Colombia;Huila;Rivera;2.7853;-75.2589;CO;COL;minor;22877;1170362771;Rivera
Colombia;Huila;Saladoblanco;2.0167;-76.05;CO;COL;minor;10076;1170865938;Saladoblanco
Colombia;Huila;San Agustín;1.9;-76.2833;CO;COL;minor;34120;1170663571;San Agustin
Colombia;Huila;Santa María;2.95;-75.65;CO;COL;;10215;1170000610;Santa Maria
Colombia;Huila;Suaza;1.9833;-75.8167;CO;COL;minor;21119;1170853182;Suaza
Colombia;Huila;Tarqui;2.1106;-75.8231;CO;COL;minor;16108;1170724338;Tarqui
Colombia;Huila;Tello;3.0667;-75.1333;CO;COL;minor;10273;1170282620;Tello
Colombia;Huila;Teruel;2.75;-75.5667;CO;COL;minor;8876;1170243677;Teruel
Colombia;Huila;Tesalia;2.4833;-75.7333;CO;COL;minor;9767;1170389636;Tesalia
Colombia;Huila;Timaná;1.9833;-75.95;CO;COL;minor;20463;1170667913;Timana
Colombia;Huila;Yaguará;2.6661;-75.5186;CO;COL;minor;8952;1170717025;Yaguara
Colombia;La Guajira;Albania;11.1597;-72.5856;CO;COL;minor;19429;1170788671;Albania
Colombia;La Guajira;Barrancas;11;-72.75;CO;COL;minor;37554;1170612474;Barrancas
Colombia;La Guajira;Dibulla;11.2667;-73.3;CO;COL;minor;37854;1170252076;Dibulla
Colombia;La Guajira;Distracción;10.9;-72.8833;CO;COL;minor;17112;1170180285;Distraccion
Colombia;La Guajira;El Molino;10.6533;-72.9242;CO;COL;minor;9121;1170022432;El Molino
Colombia;La Guajira;Fonseca;10.8333;-72.8333;CO;COL;minor;39662;1170493430;Fonseca
Colombia;La Guajira;Hatonuevo;11.0694;-72.7669;CO;COL;minor;23911;1170166285;Hatonuevo
Colombia;La Guajira;Maicao;11.3778;-72.2389;CO;COL;minor;123757;1170370871;Maicao
Colombia;La Guajira;Manaure;11.7792;-72.4494;CO;COL;minor;67584;1170534927;Manaure
Colombia;La Guajira;Ríohacha;11.5442;-72.9069;CO;COL;admin;167865;1170903069;Riohacha
Colombia;La Guajira;San Juan del Cesar;10.7667;-73;CO;COL;minor;39472;1170398526;San Juan del Cesar
Colombia;La Guajira;Uribia;11.9167;-72;CO;COL;minor;117674;1170046204;Uribia
Colombia;La Guajira;Uripa;11.9167;-72;CO;COL;;198890;1170417561;Uripa
Colombia;La Guajira;Urumita;10.5667;-73.0167;CO;COL;minor;19629;1170312888;Urumita
Colombia;La Guajira;Villanueva;10.6;-72.9833;CO;COL;minor;28736;1170525155;Villanueva
Colombia;Magdalena;Algarrobo;10.1;-74.2667;CO;COL;minor;14294;1170405852;Algarrobo
Colombia;Magdalena;Algarrobo;10.1;-74.2667;CO;COL;;14294;1170512460;Algarrobo
Colombia;Magdalena;Aracataca;10.5937;-74.1928;CO;COL;minor;40400;1170335661;Aracataca
Colombia;Magdalena;Buenavista;9.3333;-74.3;CO;COL;;8749;1170070362;Buenavista
Colombia;Magdalena;Chivolo;10.0261;-74.6211;CO;COL;minor;24932;1170052767;Chivolo
Colombia;Magdalena;Ciénaga;11.0069;-74.25;CO;COL;minor;129414;1170825751;Cienaga
Colombia;Magdalena;Concordia;10.2667;-74.8333;CO;COL;minor;9681;1170555051;Concordia
Colombia;Magdalena;El Banco;8.9983;-73.9747;CO;COL;minor;72131;1170111607;El Banco
Colombia;Magdalena;El Difícil;9.85;-74.2386;CO;COL;minor;32637;1170207587;El Dificil
Colombia;Magdalena;El Piñón;10.3333;-74.6667;CO;COL;minor;16752;1170478027;El Pinon
Colombia;Magdalena;El Retén;10.6167;-74.2667;CO;COL;minor;20981;1170874464;El Reten
Colombia;Magdalena;Fundación;10.5214;-74.1867;CO;COL;minor;90514;1170906059;Fundacion
Colombia;Magdalena;Guamal;9.1472;-74.23;CO;COL;minor;28277;1170423757;Guamal
Colombia;Magdalena;Nueva Granada;9.8031;-74.3903;CO;COL;minor;21612;1170955196;Nueva Granada
Colombia;Magdalena;Pijiño del Carmen;9.3333;-74.45;CO;COL;minor;15759;1170562025;Pijino del Carmen
Colombia;Magdalena;Pivijay;10.4667;-74.6167;CO;COL;minor;33225;1170978231;Pivijay
Colombia;Magdalena;Plato;9.7919;-74.7872;CO;COL;minor;61856;1170202938;Plato
Colombia;Magdalena;Puebloviejo;10.9942;-74.2833;CO;COL;minor;33030;1170245441;Puebloviejo
Colombia;Magdalena;San Antonio;10;-74.6667;CO;COL;;12364;1170443543;San Antonio
Colombia;Magdalena;San Sebastián de Buenavista;9.2403;-74.3556;CO;COL;minor;18865;1170564424;San Sebastian de Buenavista
Colombia;Magdalena;San Zenón;9.245;-74.4992;CO;COL;minor;9107;1170977298;San Zenon
Colombia;Magdalena;Santa Ana;9.319;-74.57;CO;COL;minor;25938;1170325175;Santa Ana
Colombia;Magdalena;Santa Bárbara de Pinto;9.4333;-74.7;CO;COL;minor;12610;1170483777;Santa Barbara de Pinto
Colombia;Magdalena;Santa Marta;11.2419;-74.2053;CO;COL;admin;515556;1170715594;Santa Marta
Colombia;Magdalena;Sitionuevo;10.7833;-74.7167;CO;COL;minor;31706;1170226891;Sitionuevo
Colombia;Magdalena;Tenerife;9.8989;-74.8589;CO;COL;minor;14320;1170763439;Tenerife
Colombia;Magdalena;Tíogollo;10.3408;-74.7333;CO;COL;;17308;1170688181;Tiogollo
Colombia;Meta;Acacías;3.9878;-73.7597;CO;COL;minor;75252;1170420071;Acacias
Colombia;Meta;Castilla La Nueva;3.8333;-73.6833;CO;COL;minor;13611;1170337623;Castilla La Nueva
Colombia;Meta;Cumaral;4.2694;-73.4864;CO;COL;minor;21397;1170080308;Cumaral
Colombia;Meta;Fuente de Oro;3.4667;-73.6167;CO;COL;minor;11599;1170263395;Fuente de Oro
Colombia;Meta;Granada;3.5472;-73.7086;CO;COL;minor;56065;1170447508;Granada
Colombia;Meta;Guamal;3.88;-73.7656;CO;COL;minor;13857;1170121080;Guamal
Colombia;Meta;Hato Corozal;3.1833;-73.75;CO;COL;;11431;1170673872;Hato Corozal
Colombia;Meta;La Macarena;2.1828;-73.7847;CO;COL;minor;36781;1170049072;La Macarena
Colombia;Meta;Lejanías;3.5268;-74.0232;CO;COL;minor;10576;1170478276;Lejanias
Colombia;Meta;Mesetas;3.3781;-74.0447;CO;COL;minor;9751;1170008691;Mesetas
Colombia;Meta;Puerto Concordia;2.6833;-72.7667;CO;COL;minor;23131;1170046908;Puerto Concordia
Colombia;Meta;Puerto Gaitán;4.3142;-72.0825;CO;COL;minor;41513;1170781522;Puerto Gaitan
Colombia;Meta;Puerto Lleras;3.2694;-73.375;CO;COL;minor;8982;1170566483;Puerto Lleras
Colombia;Meta;Puerto López;4.0872;-72.9606;CO;COL;minor;35097;1170290556;Puerto Lopez
Colombia;Meta;Puerto Rico;2.9383;-73.2083;CO;COL;minor;11433;1170252143;Puerto Rico
Colombia;Meta;Restrepo;4.25;-73.5667;CO;COL;minor;17610;1170439018;Restrepo
Colombia;Meta;San Carlos de Guaroa;3.7111;-73.2425;CO;COL;minor;11512;1170978795;San Carlos de Guaroa
Colombia;Meta;San Juan de Arama;3.3736;-73.8767;CO;COL;minor;8728;1170213121;San Juan de Arama
Colombia;Meta;San Martín;3.6944;-73.6936;CO;COL;minor;25902;1170677493;San Martin
Colombia;Meta;Villavicencio;4.15;-73.6333;CO;COL;admin;664148;1170426927;Villavicencio
Colombia;Meta;Vistahermosa;3.1239;-73.7514;CO;COL;minor;25461;1170088623;Vistahermosa
Colombia;Nariño;Barbacoas;1.6717;-78.1397;CO;COL;minor;38708;1170561863;Barbacoas
Colombia;Nariño;Bocas de Satinga;2.3469;-78.3256;CO;COL;minor;32759;1170318285;Bocas de Satinga
Colombia;Nariño;Buesaco;1.3833;-77.1667;CO;COL;minor;26229;1170721996;Buesaco
Colombia;Nariño;Carlosama;0.8658;-77.7294;CO;COL;minor;8727;1170333785;Carlosama
Colombia;Nariño;Chachagüí;1.3605;-77.2835;CO;COL;minor;12419;1170508673;Chachagui
Colombia;Nariño;Consacá;1.2;-77.4667;CO;COL;minor;9099;1170808724;Consaca
Colombia;Nariño;Córdoba;0.855;-77.5211;CO;COL;minor;14006;1170192500;Cordoba
Colombia;Nariño;Cumbal;0.9078;-77.7908;CO;COL;minor;40492;1170478415;Cumbal
Colombia;Nariño;El Charco;2.4775;-78.1111;CO;COL;minor;42525;1170354433;El Charco
Colombia;Nariño;El Peñol;6.2186;-75.2433;CO;COL;;16223;1170074292;El Penol
Colombia;Nariño;El Tablón;1.4269;-77.0969;CO;COL;minor;13255;1170509980;El Tablon
Colombia;Nariño;El Tambo;1.4131;-77.3981;CO;COL;minor;12271;1170998419;El Tambo
Colombia;Nariño;Génova;1.6442;-77.0194;CO;COL;minor;10127;1170687201;Genova
Colombia;Nariño;Guachavés;1.2219;-77.6772;CO;COL;minor;31856;1170755614;Guachaves
Colombia;Nariño;Guachucal;0.9667;-77.7333;CO;COL;minor;18845;1170078700;Guachucal
Colombia;Nariño;Guaitarilla;1.1333;-77.5564;CO;COL;minor;12011;1170237698;Guaitarilla
Colombia;Nariño;Iles;0.9667;-77.5167;CO;COL;minor;8701;1170251090;Iles
Colombia;Nariño;Ipiales;0.8303;-77.6444;CO;COL;minor;169864;1170309931;Ipiales
Colombia;Nariño;Iscuandé;2.4444;-77.9717;CO;COL;minor;8989;1170165783;Iscuande
Colombia;Nariño;La Cruz;1.6047;-76.9742;CO;COL;minor;16674;1170176423;La Cruz
Colombia;Nariño;La Florida;1.3017;-77.4106;CO;COL;minor;9047;1170744583;La Florida
Colombia;Nariño;La Unión;1.6019;-77.1317;CO;COL;minor;25270;1170740769;La Union
Colombia;Nariño;Linares;1.35;-77.5333;CO;COL;minor;8974;1170176780;Linares
Colombia;Nariño;Mosquera;2.4903;-78.4953;CO;COL;minor;10203;1170583379;Mosquera
Colombia;Nariño;Ospina;1.0581;-77.5664;CO;COL;minor;8834;1170871794;Ospina
Colombia;Nariño;Pasto;1.2078;-77.2772;CO;COL;admin;410835;1170320545;Pasto
Colombia;Nariño;Potosí;0.8081;-77.5728;CO;COL;minor;10186;1170814336;Potosi
Colombia;Nariño;Pupiales;0.8667;-77.65;CO;COL;minor;16431;1170678513;Pupiales
Colombia;Nariño;Ricaurte;1.2108;-77.9933;CO;COL;minor;18067;1170607902;Ricaurte
Colombia;Nariño;Samaniego;1.35;-77.6;CO;COL;minor;49178;1170018906;Samaniego
Colombia;Nariño;San Bernardo;1.5108;-77.0467;CO;COL;minor;21492;1170882959;San Bernardo
Colombia;Nariño;San José;1.6967;-78.2453;CO;COL;minor;25433;1170557399;San Jose
Colombia;Nariño;San José;1.4744;-77.0836;CO;COL;minor;23279;1170922261;San Jose
Colombia;Nariño;San Lorenzo;1.5039;-77.2178;CO;COL;minor;20403;1170168710;San Lorenzo
Colombia;Nariño;San Pablo;1.6725;-77.0139;CO;COL;minor;12929;1170794698;San Pablo
Colombia;Nariño;Sandoná;1.2833;-77.4667;CO;COL;minor;25220;1170586561;Sandona
Colombia;Nariño;Sotomayor;1.4933;-77.5214;CO;COL;minor;20865;1170028050;Sotomayor
Colombia;Nariño;Taminango;1.5667;-77.2833;CO;COL;minor;21985;1170223532;Taminango
Colombia;Nariño;Tumaco;1.8067;-78.7647;CO;COL;minor;212692;1170504978;Tumaco
Colombia;Nariño;Túquerres;1.0833;-77.6167;CO;COL;minor;41205;1170724789;Tuquerres
Colombia;Nariño;Yacuanquer;1.1167;-77.4;CO;COL;minor;10579;1170229796;Yacuanquer
Colombia;Norte de Santander;Ábrego;8;-73.2;CO;COL;minor;38627;1170272362;Abrego
Colombia;Norte de Santander;Arboledas;7.6667;-72.75;CO;COL;minor;8984;1170201750;Arboledas
Colombia;Norte de Santander;Cáchira;7.75;-73.1667;CO;COL;minor;10970;1170614751;Cachira
Colombia;Norte de Santander;Chinácota;7.6167;-72.6;CO;COL;minor;16348;1170848933;Chinacota
Colombia;Norte de Santander;Chitagá;7.1333;-72.6667;CO;COL;minor;10554;1170356842;Chitaga
Colombia;Norte de Santander;Convención;8.8333;-73.2;CO;COL;minor;18112;1170793866;Convencion
Colombia;Norte de Santander;Cúcuta;7.8942;-72.5039;CO;COL;admin;806378;1170743755;Cucuta
Colombia;Norte de Santander;El Carmen;8.5128;-73.4508;CO;COL;minor;12001;1170574816;El Carmen
Colombia;Norte de Santander;El Tarra;8.5756;-73.0944;CO;COL;minor;10957;1170113123;El Tarra
Colombia;Norte de Santander;El Zulia;7.9333;-72.6;CO;COL;minor;23921;1170321590;El Zulia
Colombia;Norte de Santander;Hacarí;8.3167;-73.15;CO;COL;minor;9745;1170058977;Hacari
Colombia;Norte de Santander;La Esperanza;7.6392;-73.3358;CO;COL;minor;11040;1170817366;La Esperanza
Colombia;Norte de Santander;Los Patios;7.8333;-72.5167;CO;COL;minor;94847;1170225535;Los Patios
Colombia;Norte de Santander;Ocaña;8.2333;-73.35;CO;COL;minor;116232;1170754105;Ocana
Colombia;Norte de Santander;Pamplona;7.3781;-72.6525;CO;COL;minor;50025;1170275020;Pamplona
Colombia;Norte de Santander;Puerto Santander;8.3636;-72.4075;CO;COL;minor;10249;1170636572;Puerto Santander
Colombia;Norte de Santander;San Calixto;8.4;-73.2167;CO;COL;minor;9961;1170279369;San Calixto
Colombia;Norte de Santander;Sardinata;8.0833;-72.8;CO;COL;minor;22583;1170154538;Sardinata
Colombia;Norte de Santander;Tarrá;8.0475;-73.0836;CO;COL;;10957;1170074509;Tarra
Colombia;Norte de Santander;Teorama;8.4333;-72.2833;CO;COL;minor;23381;1170297865;Teorama
Colombia;Norte de Santander;Tibú;8.65;-72.7333;CO;COL;minor;37286;1170518089;Tibu
Colombia;Norte de Santander;Toledo;7.3131;-72.4875;CO;COL;minor;17283;1170149745;Toledo
Colombia;Norte de Santander;Villa del Rosario;7.8339;-72.4742;CO;COL;minor;107991;1170700232;Villa del Rosario
Colombia;Putumayo;La Dorada;0.3436;-76.9108;CO;COL;minor;28982;1170206428;La Dorada
Colombia;Putumayo;Mocoa;1.15;-76.6475;CO;COL;admin;56398;1170970726;Mocoa
Colombia;Putumayo;Orito;0.6661;-76.8708;CO;COL;minor;57774;1170380074;Orito
Colombia;Putumayo;Puerto Asís;0.5167;-76.5;CO;COL;minor;63067;1170627964;Puerto Asis
Colombia;Putumayo;Puerto Caicedo;0.685;-76.6044;CO;COL;minor;11122;1170335113;Puerto Caicedo
Colombia;Putumayo;Puerto Guzmán;0.9667;-76.5833;CO;COL;minor;24355;1170853414;Puerto Guzman
Colombia;Putumayo;Puerto Guzmán;0.9703;-76.5858;CO;COL;;17495;1170540013;Puerto Guzman
Colombia;Putumayo;Puerto Leguízamo;-0.1939;-74.7806;CO;COL;minor;28468;1170882938;Puerto Leguizamo
Colombia;Putumayo;Sibundoy;1.2033;-76.9192;CO;COL;minor;14104;1170369776;Sibundoy
Colombia;Putumayo;Valle del Guamuez;0.4253;-76.9053;CO;COL;;54237;1170672638;Valle del Guamuez
Colombia;Putumayo;Villagarzón;1.0294;-76.6164;CO;COL;minor;21507;1170786448;Villagarzon
Colombia;Quindío;Armenia;4.53;-75.68;CO;COL;admin;301226;1170398459;Armenia
Colombia;Quindío;Calarcá;4.5333;-75.65;CO;COL;minor;71605;1170442353;Calarca
Colombia;Quindío;Circasia;4.6167;-75.6333;CO;COL;minor;26705;1170367133;Circasia
Colombia;Quindío;Filandia;4.6667;-75.6333;CO;COL;minor;12066;1170471225;Filandia
Colombia;Quindío;La Tebaida;4.45;-75.8;CO;COL;minor;46323;1170920731;La Tebaida
Colombia;Quindío;Montenegro;4.5671;-75.7504;CO;COL;minor;41857;1170267706;Montenegro
Colombia;Quindío;Quimbaya;4.6333;-75.75;CO;COL;minor;35276;1170735319;Quimbaya
Colombia;Risaralda;Apía;5.1;-75.95;CO;COL;minor;12613;1170159513;Apia
Colombia;Risaralda;Belén de Umbría;5.2;-75.8667;CO;COL;minor;25276;1170015614;Belen de Umbria
Colombia;Risaralda;Dosquebradas;4.8333;-75.6833;CO;COL;minor;179301;1170184135;Dosquebradas
Colombia;Risaralda;Guática;5.3167;-75.8;CO;COL;minor;12423;1170331290;Guatica
Colombia;Risaralda;La Celia;5.0019;-76.0039;CO;COL;minor;9660;1170761664;La Celia
Colombia;Risaralda;La Virginia;4.9167;-75.8333;CO;COL;minor;32330;1170879762;La Virginia
Colombia;Risaralda;Marsella;4.9167;-75.75;CO;COL;minor;24131;1170787775;Marsella
Colombia;Risaralda;Mistrató;5.3;-75.8833;CO;COL;minor;17527;1170662238;Mistrato
Colombia;Risaralda;Pereira;4.8143;-75.6946;CO;COL;admin;590554;1170386718;Pereira
Colombia;Risaralda;Pueblo Rico;5.25;-76.1667;CO;COL;minor;12423;1170315840;Pueblo Rico
Colombia;Risaralda;Quinchía;5.3379;-75.7296;CO;COL;minor;34005;1170201227;Quinchia
Colombia;Risaralda;Santa Rosa de Cabal;4.8667;-75.6167;CO;COL;minor;73028;1170419801;Santa Rosa de Cabal
Colombia;Risaralda;Santuario;5.0725;-75.9623;CO;COL;minor;12826;1170439701;Santuario
Colombia;San Andrés y Providencia;San Andrés;12.5847;-81.7006;CO;COL;admin;71946;1170563968;San Andres
Colombia;Santander;Barbosa;5.933;-73.621;CO;COL;minor;29581;1170376059;Barbosa
Colombia;Santander;Barrancabermeja;7.0667;-73.85;CO;COL;minor;300000;1170362340;Barrancabermeja
Colombia;Santander;Bolívar;5.9911;-73.7739;CO;COL;minor;11778;1170731054;Bolivar
Colombia;Santander;Bucaramanga;7.1333;-73;CO;COL;admin;893040;1170940590;Bucaramanga
Colombia;Santander;Charalá;6.25;-73.0833;CO;COL;minor;10211;1170539322;Charala
Colombia;Santander;Cimitarra;6.3167;-73.95;CO;COL;minor;49593;1170205431;Cimitarra
Colombia;Santander;Curití;6.6667;-73;CO;COL;minor;12065;1170526729;Curiti
Colombia;Santander;El Carmen de Chucurí;6.6981;-73.5111;CO;COL;minor;20858;1170751882;El Carmen de Chucuri
Colombia;Santander;El Playón;7.4767;-73.2081;CO;COL;minor;11252;1170615390;El Playon
Colombia;Santander;Floridablanca;7.2167;-73.0667;CO;COL;minor;295724;1170331200;Floridablanca
Colombia;Santander;Girón;7.0708;-73.1731;CO;COL;minor;152582;1170575968;Giron
Colombia;Santander;La Belleza;5.8614;-73.9683;CO;COL;minor;8596;1170636722;La Belleza
Colombia;Santander;Landázuri;6.2181;-73.8114;CO;COL;minor;15395;1170306835;Landazuri
Colombia;Santander;Lebrija;7.1131;-73.2189;CO;COL;minor;42000;1170090524;Lebrija
Colombia;Santander;Los Santos;6.9167;-73.0833;CO;COL;minor;12648;1170390233;Los Santos
Colombia;Santander;Málaga;6.7833;-72.6667;CO;COL;minor;18230;1170443368;Malaga
Colombia;Santander;Mogotes;6.4833;-72.9667;CO;COL;minor;10860;1170943912;Mogotes
Colombia;Santander;Oiba;6.2667;-73.3;CO;COL;minor;12063;1170706539;Oiba
Colombia;Santander;Piedecuesta;7.0833;-73;CO;COL;minor;150483;1170759043;Piedecuesta
Colombia;Santander;Puente Nacional;5.8833;-73.6833;CO;COL;minor;11718;1170000515;Puente Nacional
Colombia;Santander;Puerto Wilches;7.35;-73.9;CO;COL;minor;31509;1170389077;Puerto Wilches
Colombia;Santander;Rionegro;7.2642;-73.1494;CO;COL;minor;26243;1170836628;Rionegro
Colombia;Santander;Sabana de Torres;7.4;-73.5;CO;COL;minor;22512;1170400571;Sabana de Torres
Colombia;Santander;San Gil;6.5592;-73.135;CO;COL;minor;51874;1170310004;San Gil
Colombia;Santander;San Vicente de Chucurí;6.8833;-73.4167;CO;COL;minor;28084;1170349085;San Vicente de Chucuri
Colombia;Santander;Socorro;6.5333;-73.2;CO;COL;minor;31115;1170793746;Socorro
Colombia;Santander;Suaita;6.1019;-73.4406;CO;COL;minor;10006;1170125417;Suaita
Colombia;Santander;Vélez;6.0103;-73.6763;CO;COL;minor;18808;1170298824;Velez
Colombia;Santander;Zapatoca;6.8167;-73.2667;CO;COL;minor;8762;1170912223;Zapatoca
Colombia;Sucre;Buenavista;9.3222;-74.9772;CO;COL;minor;10829;1170935421;Buenavista
Colombia;Sucre;Caimito;8.8333;-75.1667;CO;COL;minor;12077;1170914117;Caimito
Colombia;Sucre;Corozal;9.3333;-75.25;CO;COL;minor;70853;1170958484;Corozal
Colombia;Sucre;Coveñas;9.4167;-75.7;CO;COL;minor;11270;1170707919;Covenas
Colombia;Sucre;El Roble;9.1;-75.2;CO;COL;minor;9786;1170150718;El Roble
Colombia;Sucre;Galeras;9.1667;-75.05;CO;COL;minor;21548;1170148348;Galeras
Colombia;Sucre;Guaranda;8.4667;-75.5333;CO;COL;minor;17422;1170473707;Guaranda
Colombia;Sucre;La Unión;8.8606;-75.2806;CO;COL;minor;11566;1170400912;La Union
Colombia;Sucre;Los Palmitos;9.3811;-75.2714;CO;COL;minor;21831;1170000253;Los Palmitos
Colombia;Sucre;Majagual;8.5;-74.6667;CO;COL;minor;34010;1170046110;Majagual
Colombia;Sucre;Morroa;9.3333;-75.3167;CO;COL;minor;14429;1170532353;Morroa
Colombia;Sucre;Ovejas;9.5;-75.1667;CO;COL;minor;20846;1170231895;Ovejas
Colombia;Sucre;Palmito;9.3333;-75.55;CO;COL;minor;13682;1170554434;Palmito
Colombia;Sucre;Sampués;9.1833;-75.3833;CO;COL;minor;37925;1170198440;Sampues
Colombia;Sucre;San Benito Abad;8.9333;-75.0333;CO;COL;minor;26595;1170661666;San Benito Abad
Colombia;Sucre;San Juan de Betulia;9.2756;-75.2456;CO;COL;minor;13437;1170286513;San Juan de Betulia
Colombia;Sucre;San Luis de Sincé;9.25;-75.15;CO;COL;minor;35022;1170323001;San Luis de Since
Colombia;Sucre;San Marcos;8.6611;-75.1347;CO;COL;minor;59976;1170680965;San Marcos
Colombia;Sucre;San Onofre;9.7333;-75.5333;CO;COL;minor;51991;1170481491;San Onofre
Colombia;Sucre;San Pedro;8.7333;-74.7167;CO;COL;;18029;1170847061;San Pedro
Colombia;Sucre;Santiago de Tolú;9.5333;-75.5833;CO;COL;minor;35670;1170666994;Santiago de Tolu
Colombia;Sucre;Sincelejo;9.295;-75.3961;CO;COL;admin;286716;1170364198;Sincelejo
Colombia;Sucre;Sucre;8.8139;-74.7253;CO;COL;minor;22480;1170782443;Sucre
Colombia;Sucre;Tolú Viejo;9.45;-75.45;CO;COL;minor;20033;1170864829;Tolu Viejo
Colombia;Tolima;Alvarado;4.5667;-74.95;CO;COL;minor;8873;1170398878;Alvarado
Colombia;Tolima;Anzoátegui;4.6339;-75.0972;CO;COL;minor;18849;1170133861;Anzoategui
Colombia;Tolima;Ataco;3.6;-75.3833;CO;COL;minor;13470;1170693038;Ataco
Colombia;Tolima;Cajamarca;4.4167;-75.5;CO;COL;minor;17309;1170462346;Cajamarca
Colombia;Tolima;Carmen de Apicalá;4.15;-74.7333;CO;COL;minor;8880;1170771576;Carmen de Apicala
Colombia;Tolima;Chaparral;3.75;-75.5833;CO;COL;minor;50367;1170193964;Chaparral
Colombia;Tolima;Coello;4.3333;-74.9167;CO;COL;minor;9887;1170249234;Coello
Colombia;Tolima;Coyaima;3.8333;-75.0833;CO;COL;minor;28443;1170700858;Coyaima
Colombia;Tolima;Cunday;4.0833;-74.6667;CO;COL;minor;9544;1170276420;Cunday
Colombia;Tolima;Espinal;4.2;-74.8333;CO;COL;minor;75828;1170084447;Espinal
Colombia;Tolima;Falan;5.1333;-74.95;CO;COL;minor;9204;1170115815;Falan
Colombia;Tolima;Flandes;4.2833;-74.8;CO;COL;minor;29478;1170495426;Flandes
Colombia;Tolima;Fresno;5.1556;-75.0403;CO;COL;minor;29794;1170216002;Fresno
Colombia;Tolima;Guamo;4.0833;-74.9167;CO;COL;minor;31350;1170113847;Guamo
Colombia;Tolima;Guayabal;4.9633;-74.9056;CO;COL;minor;11490;1170472298;Guayabal
Colombia;Tolima;Honda;5.2042;-74.7417;CO;COL;minor;23830;1170848069;Honda
Colombia;Tolima;Ibagué;4.4333;-75.2333;CO;COL;admin;546003;1170245063;Ibague
Colombia;Tolima;Icononzo;4.1833;-74.5333;CO;COL;minor;10801;1170002188;Icononzo
Colombia;Tolima;Lérida;4.9;-74.9167;CO;COL;minor;17197;1170865929;Lerida
Colombia;Tolima;Líbano;4.9167;-75.1667;CO;COL;minor;39665;1170994564;Libano
Colombia;Tolima;Melgar;4.2039;-74.6428;CO;COL;minor;37224;1170387585;Melgar
Colombia;Tolima;Natagaima;3.5833;-75.0833;CO;COL;minor;22320;1170715642;Natagaima
Colombia;Tolima;Ortega;3.9167;-75.25;CO;COL;minor;32164;1170797038;Ortega
Colombia;Tolima;Palocabildo;5.1333;-75.0333;CO;COL;minor;9120;1170027378;Palocabildo
Colombia;Tolima;Planadas;3.1964;-75.6444;CO;COL;minor;30117;1170444880;Planadas
Colombia;Tolima;Purificación;3.8586;-74.9306;CO;COL;minor;29539;1170787107;Purificacion
Colombia;Tolima;Rioblanco;3.5;-75.8333;CO;COL;minor;24139;1170893363;Rioblanco
Colombia;Tolima;Rovira;4.25;-75.3333;CO;COL;minor;20255;1170046008;Rovira
Colombia;Tolima;Saldaña;3.9347;-75.0203;CO;COL;minor;14329;1170588181;Saldana
Colombia;Tolima;San Antonio;3.9167;-75.5;CO;COL;minor;14400;1170845571;San Antonio
Colombia;Tolima;San Sebastián de Mariquita;5.25;-74.9167;CO;COL;minor;32642;1170963203;San Sebastian de Mariquita
Colombia;Tolima;Venadillo;4.75;-74.9167;CO;COL;minor;19586;1170931543;Venadillo
Colombia;Tolima;Villahermosa;5;-75.1667;CO;COL;minor;10696;1170425263;Villahermosa
Colombia;Valle del Cauca;Alcalá;4.6667;-75.75;CO;COL;minor;12716;1170054347;Alcala
Colombia;Valle del Cauca;Andalucía;4.1667;-76.1667;CO;COL;minor;25467;1170644836;Andalucia
Colombia;Valle del Cauca;Ansermanuevo;4.8;-76;CO;COL;minor;19557;1170498489;Ansermanuevo
Colombia;Valle del Cauca;Bolívar;4.3386;-76.1847;CO;COL;minor;13954;1170438450;Bolivar
Colombia;Valle del Cauca;Buenaventura;3.8772;-77.0267;CO;COL;minor;423927;1170287988;Buenaventura
Colombia;Valle del Cauca;Bugalagrande;4.2167;-76.1667;CO;COL;minor;20970;1170646923;Bugalagrande
Colombia;Valle del Cauca;Caicedonia;4.3333;-75.8333;CO;COL;minor;28825;1170729476;Caicedonia
Colombia;Valle del Cauca;Cali;3.4206;-76.5222;CO;COL;admin;2838333;1170417589;Cali
Colombia;Valle del Cauca;Candelaria;3.4;-76.3833;CO;COL;minor;95413;1170406010;Candelaria
Colombia;Valle del Cauca;Cartago;4.7;-75.9167;CO;COL;minor;142902;1170225267;Cartago
Colombia;Valle del Cauca;Dagua;3.6667;-76.7;CO;COL;minor;36891;1170326563;Dagua
Colombia;Valle del Cauca;Darién;3.9167;-76.6667;CO;COL;minor;16054;1170479782;Darien
Colombia;Valle del Cauca;El Águila;4.9167;-76.0833;CO;COL;minor;11069;1170584025;El Aguila
Colombia;Valle del Cauca;El Cairo;4.75;-76.25;CO;COL;minor;9976;1170273914;El Cairo
Colombia;Valle del Cauca;El Cerrito;3.6667;-76.1667;CO;COL;minor;56470;1170510590;El Cerrito
Colombia;Valle del Cauca;El Dovio;4.5167;-76.2333;CO;COL;minor;8508;1170108297;El Dovio
Colombia;Valle del Cauca;Florida;3.3275;-76.2386;CO;COL;minor;58988;1170190923;Florida
Colombia;Valle del Cauca;Ginebra;3.75;-76.1667;CO;COL;minor;21815;1170109956;Ginebra
Colombia;Valle del Cauca;Guacarí;3.7667;-76.3333;CO;COL;minor;35513;1170383272;Guacari
Colombia;Valle del Cauca;Guadalajara de Buga;3.9;-76.3019;CO;COL;minor;128945;1170472765;Guadalajara de Buga
Colombia;Valle del Cauca;Jamundí;3.2667;-76.55;CO;COL;minor;130114;1170503987;Jamundi
Colombia;Valle del Cauca;La Cumbre;3;38;CO;COL;minor;11512;1170149115;La Cumbre
Colombia;Valle del Cauca;La Unión;3.6539;-76.5722;CO;COL;minor;40339;1170145484;La Union
Colombia;Valle del Cauca;La Victoria;4.5214;-76.0364;CO;COL;minor;13247;1170932962;La Victoria
Colombia;Valle del Cauca;Obando;4.5833;-75.9167;CO;COL;minor;14980;1170669388;Obando
Colombia;Valle del Cauca;Palmira;3.5833;-76.25;CO;COL;minor;358895;1170969619;Palmira
Colombia;Valle del Cauca;Pradera;3.4167;-76.1667;CO;COL;minor;57990;1170774780;Pradera
Colombia;Valle del Cauca;Restrepo;3.825;-76.525;CO;COL;minor;16227;1170000422;Restrepo
Colombia;Valle del Cauca;Riofrío;4.1561;-76.2878;CO;COL;minor;14716;1170785545;Riofrio
Colombia;Valle del Cauca;Roldanillo;4.4167;-76.15;CO;COL;minor;33697;1170267836;Roldanillo
Colombia;Valle del Cauca;San Pedro;4;-76.2292;CO;COL;minor;18128;1170576529;San Pedro
Colombia;Valle del Cauca;Sevilla;4.2689;-75.9361;CO;COL;minor;41153;1170453618;Sevilla
Colombia;Valle del Cauca;Toro;4.6117;-76.0814;CO;COL;minor;16394;1170854707;Toro
Colombia;Valle del Cauca;Trujillo;4.25;-76.3333;CO;COL;minor;18142;1170602348;Trujillo
Colombia;Valle del Cauca;Tuluá;4.0833;-76.2;CO;COL;minor;219138;1170721938;Tulua
Colombia;Valle del Cauca;Vijes;3.7;-76.45;CO;COL;minor;11010;1170640729;Vijes
Colombia;Valle del Cauca;Yotoco;3.8667;-76.3833;CO;COL;minor;16263;1170305801;Yotoco
Colombia;Valle del Cauca;Yumbo;3.585;-76.4958;CO;COL;minor;95072;1170917722;Yumbo
Colombia;Valle del Cauca;Zarzal;4.3983;-76.0772;CO;COL;minor;47062;1170495189;Zarzal
Colombia;Vaupés;Mitú;1.1983;-70.1733;CO;COL;admin;28382;1170846096;Mitu
Colombia;Vichada;Cumaribo;4.4333;-69.8;CO;COL;minor;43138;1170966663;Cumaribo
Colombia;Vichada;La Primavera;5.4906;-70.4092;CO;COL;minor;17626;1170159193;La Primavera
Colombia;Vichada;Puerto Carreño;6.1903;-67.4836;CO;COL;admin;16763;1170291142;Puerto Carreno
